Date,Company,VADER Sentiment Score,FinBERT Sentiment Score,VADER Rolling Mean,VADER Volatility,FinBERT Rolling Mean,FinBERT Volatility
2023-01-10,,0.9088,0.9031763672828674,0.666635,0.1914133036274009,0.8951847612857818,0.0465782544562926
2023-01-11,,0.9088,0.9031763672828674,0.666635,0.1914133036274009,0.8951847612857818,0.0465782544562926
2023-01-12,,0.9088,0.9031763672828674,0.666635,0.1914133036274009,0.8951847612857818,0.0465782544562926
2023-01-13,,0.9088,0.9031763672828674,0.666635,0.1914133036274009,0.8951847612857818,0.0465782544562926
2023-01-16,,0.9088,0.9031763672828674,0.666635,0.1914133036274009,0.8951847612857818,0.0465782544562926
2023-01-17,,0.9088,0.9031763672828674,0.666635,0.1914133036274009,0.8951847612857818,0.0465782544562926
2023-01-18,,0.9088,0.9031763672828674,0.666635,0.1914133036274009,0.8951847612857818,0.0465782544562926
2023-01-19,,0.9088,0.9031763672828674,0.666635,0.1914133036274009,0.8951847612857818,0.0465782544562926
2023-01-20,,0.9088,0.9031763672828674,0.666635,0.1914133036274009,0.8951847612857818,0.0465782544562926
2023-01-23,,0.9088,0.9031763672828674,0.666635,0.1914133036274009,0.8951847612857818,0.0465782544562926
2023-01-24,Anand Rathi Wealth Ltd.,0.9088,0.9031763672828674,0.666635,0.1914133036274009,0.8951847612857818,0.0465782544562926
2023-01-25,,0.827875,0.8939000964164734,0.6702856818181817,0.1873057191471817,0.8947047187523408,0.04544042406415445
2023-01-27,,0.7874125000000001,0.8892619609832764,0.6721110227272726,0.1852519269070721,0.8944646974856203,0.04487150886808537
2023-01-30,,0.76718125,0.8869428932666779,0.6730236931818181,0.1842250307870173,0.89434468685226,0.04458705127005083
2023-01-31,,0.7570656250000001,0.8857833594083786,0.6734800284090908,0.1837115827269899,0.8942846815355798,0.04444482247103357
2023-02-01,,0.7520078125,0.885203592479229,0.6737081960227271,0.1834548586969762,0.8942546788772399,0.04437370807152494
2023-02-02,,0.74947890625,0.8849137090146542,0.6738222798295453,0.18332649668196935,0.8942396775480699,0.04433815087177062
2023-02-03,Anand Rathi Wealth Ltd.,0.74695,0.8846238255500793,0.6739363636363636,0.1831981346669625,0.8942246762188998,0.0443025936720163
2023-02-06,,0.623475,0.8847112059593201,0.666689015151515,0.18247213929835615,0.8938319224751357,0.0433155059928869
2023-02-07,,0.5617375,0.8847548961639404,0.6630653409090908,0.18210914161405298,0.8936355456032536,0.0428219621533222
2023-02-08,,0.53086875,0.8847767412662506,0.6612535037878786,0.18192764277190138,0.8935373571673126,0.04257519023353985
2023-02-09,,0.515434375,0.8847876638174057,0.6603475852272727,0.1818368933508256,0.8934882629493421,0.042451804273648676
2023-02-10,,0.5077171875,0.8847931250929832,0.6598946259469696,0.1817915186402877,0.8934637158403569,0.042390111293703084
2023-02-13,,0.50385859375,0.884795855730772,0.6596681463068181,0.18176883128501875,0.8934514422858642,0.04235926480373029
2023-02-14,,0.501929296875,0.8847972210496664,0.6595549064867423,0.18175748760738428,0.8934453055086178,0.04234384155874389
2023-02-15,,0.5009646484375,0.8847979037091136,0.6594982865767045,0.18175181576856703,0.8934422371199946,0.042336129936250695
2023-02-16,,0.5004823242187499,0.8847982450388372,0.6594699766216856,0.18174897984915842,0.893440702925683,0.042332274125004093
2023-02-17,,0.500241162109375,0.884798415703699,0.6594558216441762,0.18174756188945412,0.8934399358285272,0.042330346219380796
2023-02-20,,0.5001205810546875,0.8847985010361299,0.6594487441554213,0.18174685290960196,0.8934395522799494,0.04232938226656915
2023-02-21,,0.5000602905273437,0.8847985437023453,0.659445205411044,0.18174649841967588,0.8934393605056605,0.04232890029016333
2023-02-22,,0.5000301452636718,0.8847985650354531,0.6594434360388552,0.18174632117471284,0.8934392646185161,0.04232865930196041
2023-02-23,,0.500015072631836,0.8847985757020069,0.6594425513527609,0.18174623255223132,0.8934392166749439,0.04232853880785896
2023-02-24,,0.500007536315918,0.8847985810352839,0.6594421090097138,0.18174618824099056,0.8934391927031577,0.04232847856080823
2023-02-27,,0.500003768157959,0.8847985837019223,0.6594418878381902,0.1817461660853702,0.8934391807172646,0.04232844843728287
2023-02-28,,0.5000018840789795,0.8847985850352416,0.6594417772524284,0.18174615500756,0.893439174724318,0.04232843337552018
2023-03-01,,0.5000009420394897,0.8847985857019012,0.6594417219595474,0.18174614946865492,0.8934391717278447,0.04232842584463884
2023-03-02,,0.5000004710197449,0.884798586035231,0.659441694313107,0.18174614669920236,0.8934391702296081,0.042328422079198166
2023-03-03,Anand Rathi Wealth Ltd.,0.5,0.8847985863685608,0.6594416666666666,0.1817461439297498,0.8934391687313715,0.0423284183137575
2023-03-06,,0.5740000000000001,0.9039316475391388,0.6590016025641026,0.1778918810869586,0.8945786125766926,0.0418396798825822
2023-03-08,,0.611,0.9134981781244278,0.6587815705128205,0.17596474966556302,0.895148334499353,0.04159531066699455
2023-03-09,,0.6295,0.9182814434170723,0.6586715544871795,0.17500118395486522,0.8954331954606833,0.04147312605920073
2023-03-10,,0.6387499999999999,0.9206730760633945,0.658616546474359,0.1745194010995163,0.8955756259413484,0.04141203375530381
2023-03-13,,0.643375,0.9218688923865557,0.6585890424679487,0.17427850967184186,0.8956468411816809,0.04138148760335536
2023-03-14,,0.6456875,0.9224668005481362,0.6585752904647435,0.17415806395800465,0.8956824488018472,0.04136621452738113
2023-03-15,,0.6468437499999999,0.9227657546289265,0.658568414463141,0.17409784110108603,0.8957002526119304,0.04135857798939402
2023-03-16,,0.647421875,0.9229152316693217,0.6585649764623397,0.17406772967262674,0.895709154516972,0.04135475972040046
2023-03-17,,0.6477109375000001,0.9229899701895192,0.6585632574619391,0.17405267395839708,0.8957136054694927,0.04135285058590368
2023-03-20,,0.64785546875,0.923027339449618,0.6585623979617388,0.17404514610128224,0.8957158309457531,0.04135189601865529
2023-03-21,,0.6479277343750001,0.9230460240796674,0.6585619682116386,0.17404138217272483,0.8957169436838833,0.04135141873503109
2023-03-22,,0.6479638671875001,0.9230553663946921,0.6585617533365885,0.1740395002084461,0.8957175000529485,0.041351180093218996
2023-03-23,,0.64798193359375,0.9230600375522044,0.6585616458990635,0.17403855922630676,0.895717778237481,0.041351060772312945
2023-03-24,,0.6479909667968751,0.9230623731309606,0.658561592180301,0.17403808873523707,0.8957179173297473,0.04135100111185992
2023-03-27,,0.6479954833984376,0.9230635409203387,0.6585615653209197,0.17403785348970224,0.8957179868758804,0.04135097128163341
2023-03-28,,0.6479977416992189,0.9230641248150278,0.6585615518912291,0.17403773586693483,0.895718021648947,0.041350956366520156
2023-03-29,,0.6479988708496094,0.9230644167623723,0.6585615451763838,0.17403767705555112,0.8957180390354802,0.04135094890896353
2023-03-31,,0.6479994354248046,0.9230645627360445,0.6585615418189611,0.17403764764985927,0.8957180477287469,0.041350945180185214
2023-04-03,,0.6479997177124024,0.9230646357228807,0.6585615401402498,0.17403763294701335,0.8957180520753802,0.04135094331579606
2023-04-05,,0.6479998588562013,0.9230646722162987,0.6585615393008941,0.17403762559559038,0.8957180542486969,0.04135094238360148
2023-04-06,,0.6479999294281007,0.9230646904630078,0.6585615388812163,0.1740376219198789,0.8957180553353552,0.041350941917504186
2023-04-10,,0.6479999647140504,0.9230646995863623,0.6585615386713773,0.17403762008202317,0.8957180558786844,0.04135094168445554
2023-04-11,,0.6479999823570253,0.9230647041480395,0.6585615385664578,0.1740376191630953,0.8957180561503489,0.04135094156793122
2023-04-12,,0.6479999911785126,0.9230647064288782,0.6585615385139981,0.17403761870363135,0.8957180562861813,0.04135094150966906
2023-04-13,Anand Rathi Wealth Ltd.,0.648,0.9230647087097168,0.6585615384615384,0.1740376182441674,0.8957180564220135,0.0413509414514069
2023-04-17,,0.755725,0.9027202427387238,0.6683374358974359,0.1723256944510172,0.8915500752436809,0.0446288299062165
2023-04-18,,0.8095875,0.8925480097532272,0.6732253846153846,0.1714697325544421,0.8894660846545146,0.0462677741336213
2023-04-19,,0.83651875,0.887461893260479,0.675669358974359,0.17104175160615454,0.8884240893599314,0.0470872462473237
2023-04-20,,0.849984375,0.8849188350141048,0.6768913461538462,0.17082776113201076,0.8879030917126398,0.0474969823041749
2023-04-21,,0.8567171875,0.8836473058909178,0.6775023397435898,0.1707207658949389,0.887642592888994,0.0477018503326005
2023-04-24,,0.86008359375,0.8830115413293242,0.6778078365384616,0.17066726827640294,0.8875123434771712,0.0478042843468133
2023-04-25,,0.861766796875,0.8826936590485275,0.6779605849358974,0.170640519467135,0.8874472187712598,0.0478555013539197
2023-04-26,,0.8626083984375,0.8825347179081291,0.6780369591346154,0.17062714506250098,0.8874146564183041,0.0478811098574729
2023-04-27,,0.86302919921875,0.8824552473379299,0.6780751462339744,0.17062045786018398,0.8873983752418262,0.0478939141092495
2023-04-28,,0.863239599609375,0.8824155120528303,0.6780942397836538,0.17061711425902548,0.8873902346535872,0.047900316235137796
2023-05-02,,0.8633447998046875,0.8823956444102805,0.6781037865584936,0.17061544245844623,0.8873861643594678,0.04790351729808195
2023-05-03,,0.8633973999023438,0.8823857105890056,0.6781085599459135,0.17061460655815663,0.8873841292124081,0.04790511782955402
2023-05-04,,0.863423699951172,0.8823807436783682,0.6781109466396233,0.1706141886080118,0.8873831116388782,0.04790591809529006
2023-05-05,,0.863436849975586,0.8823782602230494,0.6781121399864783,0.1706139796329394,0.8873826028521132,0.04790631822815808
2023-05-08,,0.863443424987793,0.8823770184953901,0.6781127366599058,0.17061387514540322,0.8873823484587308,0.04790651829459209
2023-05-09,,0.8634467124938965,0.8823763976315604,0.6781130349966196,0.17061382290163513,0.8873822212620395,0.0479066183278091
2023-05-10,,0.8634483562469483,0.8823760871996456,0.6781131841649765,0.17061379677975108,0.8873821576636939,0.0479066683444176
2023-05-11,,0.8634491781234741,0.8823759319836881,0.678113258749155,0.17061378371880903,0.8873821258645211,0.04790669335272185
2023-05-12,,0.8634495890617371,0.8823758543757094,0.6781132960412442,0.17061377718833803,0.8873821099649347,0.047906705856873975
2023-05-15,,0.8634497945308686,0.8823758155717201,0.6781133146872887,0.1706137739231025,0.8873821020151416,0.047906712108950034
2023-05-16,,0.8634498972654343,0.8823757961697254,0.678113324010311,0.17061377229048474,0.8873820980402449,0.047906715234988066
2023-05-17,,0.8634499486327172,0.882375786468728,0.6781133286718222,0.1706137714741759,0.8873820960527966,0.04790671679800708
2023-05-18,,0.8634499743163586,0.8823757816182294,0.6781133310025778,0.17061377106602144,0.8873820950590725,0.04790671757951659
2023-05-19,,0.8634499871581793,0.88237577919298,0.6781133321679556,0.17061377086194424,0.8873820945622104,0.047906717970271344
2023-05-22,,0.8634499935790897,0.8823757779803554,0.6781133327506444,0.17061377075990564,0.8873820943137793,0.04790671816564872
2023-05-23,,0.8634499967895448,0.882375777374043,0.6781133330419888,0.17061377070888634,0.8873820941895638,0.04790671826333741
2023-05-24,,0.8634499983947724,0.8823757770708869,0.6781133331876611,0.1706137706833767,0.8873820941274561,0.047906718312181754
2023-05-25,,0.8634499991973863,0.8823757769193088,0.6781133332604972,0.17061377067062183,0.8873820940964021,0.047906718336603926
2023-05-26,,0.8634499995986932,0.8823757768435198,0.6781133332969153,0.17061377066424444,0.8873820940808752,0.04790671834881501
2023-05-29,,0.8634499997993466,0.8823757768056253,0.6781133333151244,0.1706137706610557,0.8873820940731117,0.04790671835492055
2023-05-30,,0.8634499998996733,0.882375776786678,0.6781133333242289,0.17061377065946137,0.8873820940692301,0.047906718357973326
2023-05-31,,0.8634499999498366,0.8823757767772044,0.6781133333287811,0.17061377065866418,0.8873820940672892,0.04790671835949971
2023-06-01,,0.8634499999749183,0.8823757767724676,0.6781133333310572,0.1706137706582656,0.8873820940663187,0.047906718360262904
2023-06-02,,0.8634499999874592,0.8823757767700992,0.6781133333321953,0.17061377065806632,0.8873820940658335,0.0479067183606445
2023-06-05,,0.8634499999937296,0.8823757767689149,0.6781133333327642,0.17061377065796668,0.8873820940655909,0.0479067183608353
2023-06-06,,0.8634499999968648,0.8823757767683228,0.6781133333330488,0.17061377065791683,0.8873820940654695,0.0479067183609307
2023-06-07,,0.8634499999984324,0.8823757767680267,0.678113333333191,0.1706137706578919,0.8873820940654089,0.0479067183609784
2023-06-08,,0.8634499999992162,0.8823757767678787,0.6781133333332622,0.17061377065787947,0.8873820940653786,0.04790671836100225
2023-06-09,,0.8634499999996081,0.8823757767678047,0.6781133333332978,0.17061377065787325,0.8873820940653634,0.04790671836101418
2023-06-12,,0.8634499999998041,0.8823757767677677,0.6781133333333156,0.17061377065787015,0.8873820940653558,0.04790671836102014
2023-06-13,,0.8634499999999021,0.8823757767677491,0.6781133333333245,0.1706137706578686,0.8873820940653521,0.047906718361023115
2023-06-14,,0.8634499999999511,0.8823757767677399,0.6781133333333289,0.1706137706578678,0.8873820940653502,0.04790671836102461
2023-06-15,,0.8634499999999756,0.8823757767677354,0.6781133333333311,0.17061377065786743,0.8873820940653492,0.04790671836102535
2023-06-16,,0.8634499999999878,0.882375776767733,0.6781133333333322,0.1706137706578672,0.8873820940653487,0.047906718361025724
2023-06-19,,0.863449999999994,0.8823757767677318,0.6781133333333328,0.1706137706578671,0.8873820940653485,0.04790671836102591
2023-06-20,,0.8634499999999969,0.8823757767677313,0.6781133333333331,0.17061377065786704,0.8873820940653484,0.047906718361026
2023-06-21,,0.8634499999999985,0.8823757767677309,0.6781133333333332,0.17061377065786704,0.8873820940653483,0.04790671836102605
2023-06-22,,0.8634499999999993,0.8823757767677308,0.6781133333333333,0.17061377065786704,0.8873820940653483,0.04790671836102607
2023-06-23,,0.8634499999999996,0.8823757767677307,0.6781133333333333,0.17061377065786704,0.8873820940653483,0.047906718361026085
2023-06-26,,0.8634499999999998,0.8823757767677307,0.6781133333333333,0.17061377065786704,0.8873820940653483,0.04790671836102609
2023-06-27,,0.8634499999999999,0.8823757767677307,0.6781133333333333,0.17061377065786704,0.8873820940653483,0.0479067183610261
2023-06-28,,0.86345,0.8823757767677307,0.6781133333333333,0.17061377065786704,0.8873820940653483,0.0479067183610261
2023-06-30,,0.86345,0.8823757767677307,0.6781133333333333,0.17061377065786704,0.8873820940653483,0.0479067183610261
2023-07-03,,0.86345,0.8823757767677307,0.6781133333333333,0.17061377065786704,0.8873820940653483,0.0479067183610261
2023-07-04,,0.86345,0.8823757767677307,0.6781133333333333,0.17061377065786704,0.8873820940653483,0.0479067183610261
2023-07-05,,0.86345,0.8823757767677307,0.6781133333333333,0.17061377065786704,0.8873820940653483,0.0479067183610261
2023-07-06,,0.86345,0.8823757767677307,0.6781133333333333,0.17061377065786704,0.8873820940653483,0.0479067183610261
2023-07-07,,0.86345,0.8823757767677307,0.6781133333333333,0.17061377065786704,0.8873820940653483,0.0479067183610261
2023-07-10,,0.86345,0.8823757767677307,0.6781133333333333,0.17061377065786704,0.8873820940653483,0.0479067183610261
2023-07-11,,0.86345,0.8823757767677307,0.6781133333333333,0.17061377065786704,0.8873820940653483,0.0479067183610261
2023-07-12,,0.86345,0.8823757767677307,0.6781133333333333,0.17061377065786704,0.8873820940653483,0.0479067183610261
2023-07-13,Anand Rathi Wealth Ltd.,0.86345,0.8823757767677307,0.6781133333333333,0.170613770657867,0.8873820940653483,0.0479067183610261
2023-07-14,,0.681725,0.8209846019744873,0.6725472916666666,0.17067553778940442,0.88338869822522,0.05207217649212635
2023-07-17,,0.5908625000000001,0.7902890145778656,0.6697642708333333,0.1707064213551731,0.8813920003051559,0.05415490555767648
2023-07-18,,0.54543125,0.7749412208795547,0.6683727604166667,0.17072186313805746,0.8803936513451238,0.05519627009045154
2023-07-19,,0.522715625,0.7672673240303993,0.6676770052083334,0.17072958402949961,0.8798944768651078,0.05571695235683907
2023-07-20,,0.5113578125,0.7634303756058216,0.6673291276041666,0.1707334444752207,0.8796448896250998,0.05597729349003283
2023-07-21,,0.50567890625,0.7615119013935328,0.6671551888020832,0.17073537469808125,0.8795200960050957,0.05610746405662971
2023-07-24,,0.502839453125,0.7605526642873883,0.6670682194010416,0.17073633980951153,0.8794576991950938,0.05617254933992816
2023-07-25,,0.5014197265625,0.7600730457343161,0.6670247347005207,0.17073682236522666,0.8794265007900928,0.056205091981577374
2023-07-26,,0.50070986328125,0.75983323645778,0.6670029923502603,0.17073706364308422,0.8794109015875923,0.05622136330240199
2023-07-27,,0.5003549316406251,0.759713331819512,0.6669921211751302,0.170737184282013,0.879403101986342,0.05622949896281429
2023-07-28,,0.5001774658203125,0.7596533795003779,0.666986685587565,0.1707372446014774,0.8793992021857169,0.05623356679302044
2023-07-31,Anand Rathi Wealth Ltd.,0.5,0.7595934271812439,0.66698125,0.1707373049209418,0.8793953023850918,0.0562376346232266
2023-08-01,,0.44942499999999996,0.7188267409801483,0.6590950367647059,0.17419201089031944,0.8734736774555024,0.0646888467726436
2023-08-02,,0.42413749999999995,0.6984433978796005,0.6551519301470589,0.17591936387500828,0.8705128649907077,0.06891445284735209
2023-08-03,,0.41149375,0.6882517263293266,0.6531803768382354,0.1767830403673527,0.8690324587583104,0.07102725588470635
2023-08-04,,0.40517187499999996,0.6831558905541897,0.6521946001838236,0.17721487861352492,0.8682922556421118,0.07208365740338347
2023-08-07,,0.40201093749999994,0.6806079726666212,0.6517017118566177,0.17743079773661102,0.8679221540840124,0.07261185816272203
2023-08-08,,0.40043046875,0.679334013722837,0.6514552676930148,0.17753875729815405,0.8677371033049628,0.07287595854239132
2023-08-09,,0.39964023437499996,0.6786970342509449,0.6513320456112133,0.1775927370789256,0.8676445779154379,0.07300800873222596
2023-08-10,,0.3992451171875,0.6783785445149988,0.6512704345703125,0.17761972696931133,0.8675983152206754,0.07307403382714328
2023-08-11,,0.39904755859374996,0.6782192996470258,0.6512396290498621,0.1776332219145042,0.8675751838732942,0.07310704637460194
2023-08-14,,0.398948779296875,0.6781396772130392,0.6512242262896369,0.17763996938710064,0.8675636181996036,0.07312355264833127
2023-08-16,,0.3988993896484375,0.678099865996046,0.6512165249095243,0.17764334312339886,0.8675578353627583,0.07313180578519593
2023-08-17,,0.3988746948242188,0.6780799603875494,0.651212674219468,0.17764502999154796,0.8675549439443357,0.07313593235362827
2023-08-18,,0.39886234741210935,0.678070007583301,0.6512107488744399,0.17764587342562255,0.8675534982351244,0.07313799563784443
2023-08-21,,0.39885617370605464,0.6780650311811769,0.6512097862019258,0.17764629514265984,0.8675527753805188,0.07313902727995251
2023-08-22,,0.39885308685302734,0.6780625429801148,0.6512093048656689,0.17764650600117848,0.8675524139532159,0.07313954310100657
2023-08-23,,0.39885154342651363,0.6780612988795838,0.6512090641975403,0.1776466114304378,0.8675522332395644,0.07313980101153358
2023-08-24,,0.3988507717132568,0.6780606768293183,0.651208943863476,0.17764666414506747,0.8675521428827387,0.0731399299667971
2023-08-25,,0.39885038585662835,0.6780603658041855,0.6512088836964439,0.1776466905023823,0.8675520977043258,0.07313999444442884
2023-08-28,,0.39885019292831414,0.6780602102916191,0.6512088536129279,0.17764670368103969,0.8675520751151194,0.07314002668324472
2023-08-29,,0.39885009646415703,0.6780601325353359,0.6512088385711698,0.17764671027036838,0.8675520638205163,0.07314004280265266
2023-08-30,,0.3988500482320785,0.6780600936571943,0.6512088310502908,0.17764671356503275,0.8675520581732147,0.07314005086235663
2023-08-31,,0.3988500241160392,0.6780600742181235,0.6512088272898513,0.17764671521236491,0.8675520553495639,0.07314005489220862
2023-09-01,,0.3988500120580196,0.6780600644985881,0.6512088254096315,0.177646716036031,0.8675520539377385,0.07314005690713461
2023-09-04,,0.3988500060290098,0.6780600596388204,0.6512088244695217,0.17764671644786406,0.8675520532318257,0.0731400579145976
2023-09-05,,0.3988500030145049,0.6780600572089366,0.6512088239994667,0.17764671665378057,0.8675520528788694,0.0731400584183291
2023-09-06,,0.39885000150725247,0.6780600559939947,0.6512088237644392,0.17764671675673882,0.8675520527023912,0.07314005867019485
2023-09-07,,0.3988500007536262,0.6780600553865237,0.6512088236469256,0.17764671680821797,0.8675520526141521,0.07314005879612773
2023-09-08,,0.39885000037681306,0.6780600550827882,0.6512088235881687,0.17764671683395755,0.8675520525700327,0.07314005885909416
2023-09-11,,0.39885000018840655,0.6780600549309205,0.6512088235587903,0.1776467168468273,0.8675520525479729,0.07314005889057738
2023-09-12,,0.39885000009420324,0.6780600548549867,0.651208823544101,0.17764671685326222,0.8675520525369429,0.073140058906319
2023-09-13,,0.3988500000471016,0.6780600548170197,0.6512088235367564,0.17764671685647965,0.867552052531428,0.0731400589141898
2023-09-14,,0.39885000002355075,0.6780600547980362,0.6512088235330841,0.17764671685808836,0.8675520525286705,0.0731400589181252
2023-09-15,,0.3988500000117754,0.6780600547885445,0.6512088235312479,0.17764671685889272,0.8675520525272917,0.0731400589200929
2023-09-18,,0.39885000000588766,0.6780600547837986,0.6512088235303298,0.1776467168592949,0.8675520525266024,0.07314005892107675
2023-09-20,,0.3988500000029438,0.6780600547814257,0.6512088235298708,0.177646716859496,0.8675520525262577,0.07314005892156868
2023-09-21,Anand Rathi Wealth Ltd.,0.39885,0.6780600547790527,0.6512088235294118,0.1776467168596971,0.867552052525913,0.0731400589220606
2023-09-22,,0.61435,0.7443093657493591,0.6561710784313726,0.17752920411559536,0.8659689031979617,0.0726783791436464
2023-09-25,,0.7221,0.7774340212345123,0.658652205882353,0.17747044774354448,0.8651773285339861,0.07244753925443931
2023-09-26,,0.775975,0.7939963489770889,0.6598927696078432,0.17744106955751904,0.8647815412019982,0.07233211930983575
2023-09-27,Anand Rathi Wealth Ltd.,0.82985,0.8105586767196655,0.6611333333333334,0.1774116913714936,0.8643857538700104,0.0722166993652322
2023-09-28,,0.792575,0.8750351071357727,0.6636114035087719,0.17558651879345885,0.866362748177428,0.07224199728714539
2023-09-29,,0.7739375000000001,0.9072733223438263,0.6648504385964912,0.17467393250444146,0.8673512453311367,0.07225464624810199
2023-10-03,,0.7646187500000001,0.9233924299478531,0.6654699561403508,0.17421763935993279,0.8678454939079912,0.07226097072858029
2023-10-04,,0.7599593750000001,0.9314519837498665,0.6657797149122806,0.17398949278767845,0.8680926181964184,0.07226413296881945
2023-10-05,,0.7576296875000001,0.9354817606508732,0.6659345942982455,0.17387541950155128,0.868216180340632,0.07226571408893903
2023-10-06,,0.7564648437500001,0.9374966491013765,0.666012033991228,0.1738183828584877,0.8682779614127387,0.07226650464899881
2023-10-09,,0.7558824218750001,0.9385040933266282,0.6660507538377192,0.17378986453695588,0.8683088519487921,0.07226689992902871
2023-10-10,,0.7555912109375,0.939007815439254,0.6660701137609648,0.17377560537619,0.8683242972168188,0.07226709756904365
2023-10-11,,0.7554456054687501,0.939259676495567,0.6660797937225876,0.17376847579580706,0.8683320198508322,0.07226719638905113
2023-10-12,,0.7553728027343751,0.9393856070237234,0.666084633703399,0.17376491100561559,0.8683358811678389,0.07226724579905486
2023-10-13,,0.7553364013671876,0.9394485722878017,0.6660870536938047,0.17376312861051985,0.8683378118263423,0.07226727050405674
2023-10-16,,0.7553182006835939,0.9394800549198408,0.6660882636890075,0.17376223741297198,0.8683387771555939,0.07226728285655767
2023-10-17,,0.755309100341797,0.9394957962358603,0.666088868686609,0.17376179181419804,0.8683392598202198,0.07226728903280813
2023-10-18,,0.7553045501708986,0.9395036668938701,0.6660891711854098,0.17376156901481107,0.8683395011525327,0.07226729212093336
2023-10-19,,0.7553022750854493,0.939507602222875,0.6660893224348101,0.17376145761511758,0.8683396218186892,0.07226729366499599
2023-10-20,,0.7553011375427248,0.9395095698873774,0.6660893980595103,0.17376140191527084,0.8683396821517674,0.07226729443702729
2023-10-23,,0.7553005687713624,0.9395105537196287,0.6660894358718603,0.17376137406534747,0.8683397123183065,0.07226729482304295
2023-10-25,,0.7553002843856813,0.9395110456357543,0.6660894547780354,0.1737613601403858,0.8683397274015761,0.07226729501605078
2023-10-26,,0.7553001421928407,0.9395112915938171,0.6660894642311229,0.17376135317790495,0.8683397349432108,0.0722672951125547
2023-10-27,,0.7553000710964204,0.9395114145728485,0.6660894689576666,0.1737613496966645,0.8683397387140281,0.07226729516080665
2023-10-30,,0.7553000355482102,0.9395114760623642,0.6660894713209385,0.1737613479560443,0.8683397405994369,0.07226729518493263
2023-10-31,,0.7553000177741052,0.939511506807122,0.6660894725025746,0.1737613470857342,0.8683397415421412,0.07226729519699562
2023-11-01,,0.7553000088870526,0.939511522179501,0.6660894730933925,0.17376134665057916,0.8683397420134934,0.0722672952030271
2023-11-02,,0.7553000044435263,0.9395115298656904,0.6660894733888014,0.17376134643300162,0.8683397422491694,0.07226729520604286
2023-11-03,,0.7553000022217632,0.9395115337087852,0.6660894735365059,0.17376134632421286,0.8683397423670075,0.07226729520755074
2023-11-06,,0.7553000011108817,0.9395115356303325,0.6660894736103582,0.17376134626981848,0.8683397424259265,0.07226729520830466
2023-11-07,,0.7553000005554409,0.9395115365911062,0.6660894736472843,0.1737613462426213,0.868339742455386,0.07226729520868164
2023-11-08,,0.7553000002777205,0.939511537071493,0.6660894736657474,0.1737613462290227,0.8683397424701158,0.07226729520887012
2023-11-09,,0.7553000001388603,0.9395115373116865,0.666089473674979,0.1737613462222234,0.8683397424774807,0.07226729520896435
2023-11-10,,0.7553000000694302,0.9395115374317833,0.6660894736795947,0.17376134621882375,0.8683397424811632,0.07226729520901148
2023-11-13,,0.7553000000347152,0.9395115374918317,0.6660894736819025,0.1737613462171239,0.8683397424830044,0.07226729520903505
2023-11-15,,0.7553000000173576,0.9395115375218559,0.6660894736830565,0.173761346216274,0.868339742483925,0.07226729520904682
2023-11-16,,0.7553000000086789,0.9395115375368679,0.6660894736836335,0.17376134621584904,0.8683397424843853,0.0722672952090527
2023-11-17,,0.7553000000043395,0.9395115375443739,0.666089473683922,0.17376134621563658,0.8683397424846154,0.07226729520905564
2023-11-20,,0.7553000000021698,0.9395115375481269,0.6660894736840662,0.17376134621553035,0.8683397424847306,0.07226729520905711
2023-11-21,Anand Rathi Wealth Ltd.,0.7553000000000001,0.93951153755188,0.6660894736842105,0.1737613462154241,0.8683397424848456,0.0722672952090586
2023-11-22,,0.7016500000000001,0.9023406505584717,0.6656372368421052,0.1714682923881145,0.868260493011851,0.07130534330296065
2023-11-23,,0.674825,0.8837552070617676,0.6654111184210525,0.1703217654744597,0.8682208682753538,0.07082436734991168
2023-11-24,,0.6614125,0.8744624853134155,0.6652980592105262,0.1697485020176323,0.8682010559071052,0.0705838793733872
2023-11-28,,0.65470625,0.8698161244392395,0.6652415296052631,0.1694618702892186,0.8681911497229808,0.07046363538512496
2023-11-29,,0.651353125,0.8674929440021515,0.6652132648026314,0.16931855442501176,0.8681861966309187,0.07040351339099382
2023-11-30,,0.6496765625,0.8663313537836075,0.6651991324013157,0.16924689649290833,0.8681837200848876,0.07037345239392825
2023-12-01,,0.64883828125,0.8657505586743355,0.6651920662006578,0.1692110675268566,0.8681824818118721,0.07035842189539548
2023-12-04,,0.648419140625,0.8654601611196995,0.6651885331003289,0.16919315304383076,0.8681818626753643,0.07035090664612909
2023-12-05,,0.6482095703124999,0.8653149623423815,0.6651867665501644,0.16918419580231783,0.8681815531071104,0.07034714902149589
2023-12-06,,0.64810478515625,0.8652423629537225,0.6651858832750821,0.16917971718156138,0.8681813983229835,0.0703452702091793
2023-12-07,Anand Rathi Wealth Ltd.,0.648,0.8651697635650635,0.6651849999999999,0.1691752385608049,0.8681812435388565,0.0703433913968627
2023-12-08,,0.755725,0.8960437476634979,0.6699055952380952,0.16982421046159923,0.8695797313536917,0.07004671399120066
2023-12-11,,0.8095875,0.9114807397127151,0.6722658928571428,0.17014869641199643,0.8702789752611093,0.06989837528836963
2023-12-12,,0.83651875,0.9191992357373238,0.6734460416666666,0.170310939387195,0.870628597214818,0.06982420593695413
2023-12-13,,0.849984375,0.9230584837496281,0.6740361160714285,0.1703920608747943,0.8708034081916725,0.06978712126124637
2023-12-14,,0.8567171875,0.9249881077557802,0.6743311532738094,0.17043262161859396,0.8708908136800997,0.06976857892339249
2023-12-15,,0.86008359375,0.9259529197588563,0.674478671875,0.1704529019904938,0.8709345164243132,0.06975930775446554
2023-12-18,,0.861766796875,0.9264353257603943,0.6745524311755953,0.1704630421764437,0.87095636779642,0.06975467217000207
2023-12-19,,0.8626083984375,0.9266765287611634,0.6745893108258929,0.17046811226941866,0.8709672934824735,0.06975235437777033
2023-12-20,,0.86302919921875,0.9267971302615479,0.6746077506510417,0.1704706473159061,0.8709727563255001,0.06975119548165447
2023-12-21,,0.863239599609375,0.9268574310117401,0.674616970563616,0.17047191483914986,0.8709754877470135,0.06975061603359653
2023-12-22,,0.8633447998046875,0.9268875813868362,0.6746215805199032,0.1704725486007717,0.8709768534577702,0.06975032630956757
2023-12-26,,0.8633973999023438,0.9269026565743843,0.6746238854980469,0.17047286548158264,0.8709775363131484,0.06975018144755309
2023-12-27,,0.863423699951172,0.9269101941681583,0.6746250379871186,0.1704730239219881,0.8709778777408377,0.06975010901654585
2023-12-28,,0.863436849975586,0.9269139629650454,0.6746256142316545,0.17047310314219083,0.8709780484546823,0.06975007280104223
2023-12-29,,0.863443424987793,0.9269158473634889,0.6746259023539225,0.1704731427522922,0.8709781338116045,0.06975005469329042
2024-01-01,,0.8634467124938965,0.9269167895627106,0.6746260464150564,0.1704731625573429,0.8709781764900657,0.0697500456394145
2024-01-02,,0.8634483562469483,0.9269172606623215,0.6746261184456235,0.17047317245986826,0.8709781978292963,0.06975004111247655
2024-01-03,,0.8634491781234741,0.9269174962121269,0.6746261544609069,0.17047317741113094,0.8709782084989115,0.06975003884900757
2024-01-04,,0.8634495890617371,0.9269176139870297,0.6746261724685487,0.17047317988676225,0.8709782138337192,0.06975003771727309
2024-01-05,,0.8634497945308686,0.926917672874481,0.6746261814723695,0.17047318112457793,0.8709782165011231,0.06975003715140585
2024-01-08,,0.8634498972654343,0.9269177023182067,0.6746261859742799,0.17047318174348575,0.8709782178348249,0.06975003686847223
2024-01-09,,0.8634499486327172,0.9269177170400695,0.6746261882252351,0.17047318205293965,0.8709782185016759,0.06975003672700542
2024-01-10,,0.8634499743163586,0.926917724401001,0.6746261893507128,0.1704731822076666,0.8709782188351014,0.06975003665627201
2024-01-11,,0.8634499871581793,0.9269177280814667,0.6746261899134516,0.1704731822850301,0.870978219001814,0.06975003662090531
2024-01-12,Anand Rathi Wealth Ltd.,0.86345,0.9269177317619324,0.6746261904761904,0.1704731823623936,0.8709782191685268,0.0697500365855386
2024-01-15,,0.8315750000000001,0.9130271673202515,0.6769773809523809,0.1715288469792363,0.8697214154970079,0.06867768285579826
2024-01-16,,0.8156375,0.906081885099411,0.6781529761904761,0.17205667928765764,0.8690930136612484,0.06814150599092808
2024-01-17,,0.80766875,0.9026092439889908,0.6787407738095237,0.1723205954418683,0.8687788127433687,0.067873417558493
2024-01-18,,0.803684375,0.9008729234337807,0.6790346726190475,0.17245255351897365,0.8686217122844287,0.06773937334227545
2024-01-19,,0.8016921875,0.9000047631561756,0.6791816220238094,0.1725185325575263,0.8685431620549589,0.06767235123416668
2024-01-23,,0.8006960937500001,0.8995706830173731,0.6792550967261903,0.17255152207680263,0.8685038869402238,0.06763884018011229
2024-01-24,,0.8001980468750001,0.8993536429479718,0.6792918340773808,0.1725680168364408,0.8684842493828564,0.0676220846530851
2024-01-25,Anand Rathi Wealth Ltd.,0.7997000000000001,0.8991366028785706,0.6793285714285714,0.172584511596079,0.8684646118254888,0.0676053291260579
2024-01-29,,0.814775,0.8959642648696899,0.6819392857142856,0.17405058659916628,0.8672465568497068,0.0666239080804997
2024-01-30,,0.8223125,0.8943780958652496,0.6832446428571428,0.17478362410070994,0.8666375293618157,0.0661331975577206
2024-01-31,,0.82608125,0.8935850113630295,0.6838973214285714,0.17515014285148178,0.8663330156178701,0.06588784229633105
2024-02-01,,0.827965625,0.8931884691119194,0.6842236607142858,0.1753334022268677,0.8661807587458974,0.06576516466563627
2024-02-02,,0.8289078125,0.8929901979863644,0.6843868303571429,0.17542503191456066,0.866104630309911,0.06570382585028889
2024-02-05,,0.82937890625,0.8928910624235868,0.6844684151785714,0.17547084675840713,0.8660665660919178,0.06567315644261519
2024-02-06,,0.829614453125,0.8928414946421981,0.6845092075892857,0.17549375418033036,0.8660475339829212,0.06565782173877835
2024-02-07,,0.8297322265625,0.8928167107515037,0.6845296037946429,0.17550520789129198,0.8660380179284229,0.06565015438685992
2024-02-08,,0.82979111328125,0.8928043188061565,0.6845398018973214,0.1755109347467728,0.8660332599011737,0.06564632071090071
2024-02-09,,0.8298205566406249,0.8927981228334829,0.6845449009486607,0.17551379817451318,0.8660308808875492,0.0656444038729211
2024-02-12,,0.8298352783203125,0.8927950248471461,0.6845474504743303,0.1755152298883834,0.8660296913807369,0.0656434454539313
2024-02-13,,0.8298426391601562,0.8927934758539777,0.6845487252371651,0.17551594574531848,0.8660290966273307,0.0656429662444364
2024-02-14,,0.829846319580078,0.8927927013573935,0.6845493626185826,0.17551630367378604,0.8660287992506277,0.06564272663968895
2024-02-15,,0.829848159790039,0.8927923141091014,0.6845496813092913,0.17551648263801983,0.8660286505622762,0.06564260683731522
2024-02-16,,0.8298490798950195,0.8927921204849554,0.6845498406546456,0.17551657212013672,0.8660285762181004,0.06564254693612837
2024-02-19,,0.8298495399475098,0.8927920236728824,0.6845499203273229,0.17551661686119516,0.8660285390460125,0.06564251698553493
2024-02-20,Anand Rathi Wealth Ltd.,0.82985,0.8927919268608093,0.68455,0.1755166616022536,0.8660285018739247,0.0656424870349415
2024-02-21,,0.7884,0.8859984576702118,0.6936571428571428,0.17538541748913988,0.8617927261761257,0.07373780436064105
2024-02-22,,0.767675,0.882601723074913,0.6982107142857141,0.17531979543258303,0.8596748383272261,0.07778546302349082
2024-02-23,,0.7573125,0.8809033557772636,0.7004874999999999,0.17528698440430462,0.8586158944027764,0.07980929235491571
2024-02-26,,0.75213125,0.880054172128439,0.7016258928571428,0.1752705788901654,0.8580864224405516,0.08082120702062816
2024-02-27,,0.7495406250000001,0.8796295803040266,0.7021950892857143,0.1752623761330958,0.8578216864594391,0.08132716435348439
2024-02-28,,0.7482453125,0.8794172843918204,0.7024796874999999,0.17525827475456102,0.857689318468883,0.0815801430199125
2024-02-29,,0.74759765625,0.8793111364357173,0.7026219866071428,0.17525622406529362,0.8576231344736048,0.08170663235312656
2024-03-01,,0.747273828125,0.8792580624576658,0.7026931361607143,0.17525519872065992,0.8575900424759657,0.08176987701973358
2024-03-04,,0.7471119140625,0.87923152546864,0.7027287109375,0.17525468604834304,0.8575734964771462,0.0818014993530371
2024-03-05,,0.74703095703125,0.8792182569741271,0.7027464983258929,0.17525442971218463,0.8575652234777364,0.08181731051968885
2024-03-06,,0.746990478515625,0.8792116227268707,0.7027553920200893,0.17525430154410543,0.8575610869780316,0.08182521610301473
2024-03-07,,0.7469702392578125,0.8792083056032425,0.7027598388671874,0.1752542374600658,0.8575590187281792,0.08182916889467767
2024-03-11,,0.7469601196289062,0.8792066470414284,0.7027620622907365,0.17525420541804598,0.8575579846032529,0.08183114529050914
2024-03-12,,0.7469550598144531,0.8792058177605213,0.7027631740025111,0.17525418939703608,0.8575574675407898,0.08183213348842487
2024-03-13,,0.7469525299072266,0.8792054031200678,0.7027637298583984,0.17525418138653115,0.8575572090095582,0.08183262758738274
2024-03-14,,0.7469512649536133,0.879205195799841,0.702764007786342,0.1752541773812787,0.8575570797439425,0.08183287463686167
2024-03-15,,0.7469506324768067,0.8792050921397276,0.7027641467503138,0.17525417537865245,0.8575570151111346,0.08183299816160114
2024-03-18,,0.7469503162384034,0.879205040309671,0.7027642162322998,0.1752541743773393,0.8575569827947307,0.08183305992397087
2024-03-19,,0.7469501581192017,0.8792050143946426,0.7027642509732928,0.17525417387668274,0.8575569666365287,0.08183309080515574
2024-03-20,,0.7469500790596009,0.8792050014371284,0.7027642683437891,0.17525417362635448,0.8575569585574276,0.08183310624574817
2024-03-21,,0.7469500395298004,0.8792049949583713,0.7027642770290374,0.17525417350119032,0.8575569545178772,0.0818331139660444
2024-03-22,,0.7469500197649002,0.8792049917189928,0.7027642813716615,0.17525417343860827,0.8575569524981019,0.0818331178261925
2024-03-26,,0.7469500098824501,0.8792049900993035,0.7027642835429735,0.17525417340731725,0.8575569514882143,0.08183311975626656
2024-03-27,,0.746950004941225,0.8792049892894589,0.7027642846286295,0.1752541733916717,0.8575569509832706,0.08183312072130358
2024-03-28,,0.7469500024706125,0.8792049888845366,0.7027642851714575,0.17525417338384897,0.8575569507307986,0.08183312120382209
2024-04-01,,0.7469500012353063,0.8792049886820754,0.7027642854428715,0.1752541733799376,0.8575569506045626,0.08183312144508134
2024-04-02,,0.7469500006176532,0.8792049885808448,0.7027642855785785,0.17525417337798188,0.8575569505414447,0.08183312156571097
2024-04-03,,0.7469500003088265,0.8792049885302295,0.702764285646432,0.17525417337700405,0.8575569505098857,0.0818331216260258
2024-04-04,,0.7469500001544133,0.8792049885049219,0.7027642856803589,0.1752541733765151,0.8575569504941062,0.0818331216561832
2024-04-05,,0.7469500000772067,0.8792049884922681,0.7027642856973222,0.17525417337627064,0.8575569504862164,0.0818331216712619
2024-04-08,,0.7469500000386033,0.8792049884859412,0.7027642857058038,0.1752541733761484,0.8575569504822715,0.08183312167880125
2024-04-09,,0.7469500000193017,0.8792049884827777,0.7027642857100447,0.17525417337608729,0.8575569504802991,0.08183312168257093
2024-04-10,,0.7469500000096508,0.879204988481196,0.7027642857121652,0.17525417337605675,0.8575569504793129,0.08183312168445576
2024-04-12,,0.7469500000048255,0.8792049884804052,0.7027642857132255,0.1752541733760415,0.8575569504788199,0.08183312168539819
2024-04-15,,0.7469500000024127,0.8792049884800097,0.7027642857137555,0.17525417337603383,0.8575569504785733,0.0818331216858694
2024-04-16,,0.7469500000012064,0.879204988479812,0.7027642857140206,0.17525417337603,0.8575569504784499,0.081833121686105
2024-04-18,,0.7469500000006032,0.8792049884797131,0.7027642857141532,0.1752541733760281,0.8575569504783883,0.08183312168622281
2024-04-19,,0.7469500000003015,0.8792049884796637,0.7027642857142193,0.17525417337602717,0.8575569504783576,0.0818331216862817
2024-04-22,,0.7469500000001508,0.8792049884796389,0.7027642857142524,0.17525417337602667,0.8575569504783421,0.08183312168631116
2024-04-23,,0.7469500000000754,0.8792049884796266,0.7027642857142691,0.17525417337602645,0.8575569504783345,0.08183312168632588
2024-04-24,,0.7469500000000378,0.8792049884796205,0.7027642857142773,0.17525417337602633,0.8575569504783306,0.08183312168633325
2024-04-25,,0.7469500000000189,0.8792049884796174,0.7027642857142815,0.17525417337602628,0.8575569504783287,0.08183312168633693
2024-04-26,,0.7469500000000094,0.8792049884796158,0.7027642857142835,0.17525417337602622,0.8575569504783277,0.08183312168633877
2024-04-29,,0.7469500000000047,0.879204988479615,0.7027642857142846,0.17525417337602622,0.8575569504783271,0.08183312168633969
2024-04-30,,0.7469500000000023,0.8792049884796147,0.7027642857142851,0.17525417337602622,0.8575569504783269,0.08183312168634015
2024-05-02,,0.7469500000000011,0.8792049884796145,0.7027642857142853,0.17525417337602622,0.8575569504783268,0.08183312168634038
2024-05-03,,0.7469500000000006,0.8792049884796144,0.7027642857142855,0.17525417337602622,0.8575569504783267,0.0818331216863405
2024-05-06,,0.7469500000000002,0.8792049884796143,0.7027642857142855,0.17525417337602622,0.8575569504783267,0.08183312168634055
2024-05-07,Anand Rathi Wealth Ltd.,0.74695,0.8792049884796143,0.7027642857142856,0.1752541733760262,0.8575569504783267,0.0818331216863406
2024-05-08,,0.74695,0.8791153728961945,0.7124321428571427,0.16487958300690236,0.8583811691829136,0.0818683864492747
2024-05-09,,0.74695,0.8790705651044846,0.7172660714285714,0.15969228782234043,0.858793278535207,0.08188601883074176
2024-05-10,,0.74695,0.8790481612086296,0.7196830357142856,0.15709864023005948,0.8589993332113538,0.08189483502147528
2024-05-13,,0.74695,0.8790369592607021,0.7208915178571428,0.155801816433919,0.8591023605494272,0.08189924311684205
2024-05-14,,0.74695,0.8790313582867384,0.7214957589285713,0.15515340453584875,0.8591538742184639,0.08190144716452542
2024-05-15,,0.74695,0.8790285577997565,0.7217978794642856,0.15482919858681363,0.8591796310529822,0.08190254918836712
2024-05-16,,0.74695,0.8790271575562656,0.7219489397321428,0.15466709561229608,0.8591925094702414,0.08190310020028796
2024-05-17,,0.74695,0.8790264574345201,0.7220244698660714,0.1545860441250373,0.8591989486788709,0.08190337570624838
2024-05-21,,0.74695,0.8790261073736474,0.7220622349330357,0.1545455183814079,0.8592021682831857,0.08190351345922858
2024-05-22,,0.74695,0.879025932343211,0.7220811174665178,0.1545252555095932,0.8592037780853432,0.08190358233571869
2024-05-23,,0.74695,0.8790258448279928,0.7220905587332589,0.15451512407368584,0.8592045829864219,0.08190361677396374
2024-05-24,,0.74695,0.8790258010703837,0.7220952793666294,0.15451005835573217,0.8592049854369612,0.08190363399308627
2024-05-27,,0.74695,0.8790257791915792,0.7220976396833148,0.15450752549675534,0.8592051866622309,0.08190364260264754
2024-05-28,,0.74695,0.8790257682521769,0.7220988198416574,0.15450625906726692,0.8592052872748657,0.08190364690742817
2024-05-29,,0.74695,0.8790257627824758,0.7220994099208287,0.1545056258525227,0.8592053375811831,0.08190364905981848
2024-05-30,,0.74695,0.8790257600476252,0.7220997049604143,0.1545053092451506,0.8592053627343419,0.08190365013601364
2024-05-31,,0.74695,0.8790257586801999,0.7220998524802071,0.15450515094146455,0.8592053753109212,0.08190365067411122
2024-06-03,,0.74695,0.8790257579964873,0.7220999262401036,0.15450507178962153,0.8592053815992109,0.08190365094316002
2024-06-04,,0.74695,0.879025757654631,0.7220999631200518,0.15450503221370002,0.8592053847433557,0.08190365107768441
2024-06-05,,0.74695,0.8790257574837028,0.7220999815600259,0.15450501242573927,0.8592053863154281,0.0819036511449466
2024-06-06,,0.74695,0.8790257573982387,0.722099990780013,0.1545050025317589,0.8592053871014643,0.0819036511785777
2024-06-07,Anand Rathi Wealth Ltd.,0.74695,0.8790257573127747,0.7221,0.1545049926377785,0.8592053878875006,0.0819036512122088
2024-06-10,,0.793675,0.8404725193977356,0.7302047619047619,0.15112608878392692,0.8566710877986181,0.08195337895385099
2024-06-11,,0.8170375000000001,0.8211959004402161,0.7342571428571429,0.1494366368570011,0.8554039377541769,0.08197824282467209
2024-06-12,,0.8287187500000001,0.8115575909614563,0.7362833333333334,0.14859191089353818,0.8547703627319563,0.08199067476008265
2024-06-13,,0.834559375,0.8067384362220764,0.7372964285714286,0.14816954791180675,0.854453575220846,0.08199689072778793
2024-06-14,,0.8374796875,0.8043288588523865,0.7378029761904763,0.147958366420941,0.8542951814652908,0.08199999871164057
2024-06-18,,0.83893984375,0.8031240701675415,0.7380562500000001,0.14785277567550814,0.8542159845875132,0.08200155270356688
2024-06-19,,0.839669921875,0.802521675825119,0.738182886904762,0.14779998030279173,0.8541763861486245,0.08200232969953003
2024-06-20,,0.8400349609375,0.8022204786539078,0.7382462053571429,0.14777358261643353,0.8541565869291801,0.08200271819751162
2024-06-21,,0.84021748046875,0.8020698800683022,0.7382778645833334,0.1477603837732544,0.8541466873194579,0.0820029124465024
2024-06-24,,0.840308740234375,0.8019945807754993,0.7382936941964287,0.14775378435166486,0.8541417375145968,0.08200300957099779
2024-06-25,,0.8403543701171875,0.8019569311290979,0.7383016090029763,0.1477504846408701,0.8541392626121662,0.08200305813324549
2024-06-26,,0.8403771850585937,0.8019381063058972,0.7383055664062501,0.14774883478547268,0.8541380251609509,0.08200308241436935
2024-06-27,,0.8403885925292969,0.8019286938942969,0.738307545107887,0.14774800985777398,0.8541374064353433,0.08200309455493127
2024-06-28,,0.8403942962646485,0.8019239876884967,0.7383085344587055,0.14774759739392462,0.8541370970725395,0.08200310062521224
2024-07-01,,0.8403971481323242,0.8019216345855966,0.7383090291341147,0.14774739116199997,0.8541369423911376,0.08200310366035271
2024-07-02,,0.8403985740661621,0.8019204580341466,0.7383092764718193,0.14774728804603765,0.8541368650504366,0.08200310517792295
2024-07-03,,0.8403992870330811,0.8019198697584216,0.7383094001406716,0.1477472364880565,0.8541368263800861,0.08200310593670807
2024-07-04,,0.8403996435165406,0.801919575620559,0.7383094619750977,0.14774721070906588,0.8541368070449109,0.08200310631610064
2024-07-05,,0.8403998217582703,0.8019194285516278,0.7383094928923108,0.14774719781957057,0.8541367973773233,0.08200310650579692
2024-07-08,,0.8403999108791351,0.8019193550171622,0.7383095083509174,0.14774719137482295,0.8541367925435295,0.08200310660064505
2024-07-09,,0.8403999554395676,0.8019193182499293,0.7383095160802207,0.14774718815244914,0.8541367901266326,0.08200310664806912
2024-07-10,,0.8403999777197838,0.8019192998663129,0.7383095199448723,0.14774718654126223,0.8541367889181841,0.08200310667178115
2024-07-11,,0.8403999888598919,0.8019192906745047,0.738309521877198,0.14774718573566875,0.8541367883139599,0.08200310668363717
2024-07-12,Anand Rathi Wealth Ltd.,0.8404,0.8019192814826965,0.7383095238095239,0.1477471849300753,0.8541367877097357,0.0820031066954932
2024-07-15,,0.826425,0.7962000966072083,0.7354809523809525,0.14495306624095905,0.8510429362456003,0.08182807675228135
2024-07-16,,0.8194375,0.7933405041694641,0.7340666666666666,0.1435560068964009,0.8494960105135327,0.08174056178067543
2024-07-18,,0.81594375,0.791910707950592,0.7333595238095238,0.14285747722412184,0.8487225476474989,0.08169680429487247
2024-07-19,,0.8141968749999999,0.791195809841156,0.7330059523809525,0.14250821238798234,0.848335816214482,0.08167492555197098
2024-07-22,,0.8133234375,0.790838360786438,0.7328291666666666,0.14233357996991258,0.8481424504979735,0.08166398618052023
2024-07-23,,0.81288671875,0.790659636259079,0.7327407738095237,0.14224626376087768,0.8480457676397193,0.08165851649479486
2024-07-24,,0.8126683593749999,0.7905702739953995,0.7326965773809524,0.14220260565636023,0.8479974262105922,0.08165578165193219
2024-07-25,,0.8125591796875,0.7905255928635597,0.7326744791666666,0.1421807766041015,0.8479732554960286,0.08165441423050085
2024-07-26,,0.81250458984375,0.7905032522976398,0.7326634300595238,0.14216986207797216,0.8479611701387468,0.08165373051978517
2024-07-29,,0.812477294921875,0.7904920820146799,0.7326579055059523,0.1421644048149075,0.8479551274601059,0.08165338866442734
2024-07-30,,0.8124636474609375,0.7904864968731999,0.7326551432291666,0.14216167618337516,0.8479521061207855,0.08165321773674841
2024-07-31,,0.8124568237304688,0.79048370430246,0.7326537620907738,0.14216031186760897,0.8479505954511253,0.08165313227290896
2024-08-01,,0.8124534118652345,0.79048230801709,0.7326530715215773,0.1421596297097259,0.8479498401162952,0.08165308954098924
2024-08-02,,0.8124517059326173,0.790481609874405,0.7326527262369791,0.14215928863078436,0.8479494624488801,0.08165306817502938
2024-08-05,,0.8124508529663086,0.7904812608030625,0.73265255359468,0.1421591180913136,0.8479492736151726,0.08165305749204943
2024-08-06,,0.8124504264831542,0.7904810862673912,0.7326524672735304,0.1421590328215782,0.8479491791983188,0.08165305215055946
2024-08-07,,0.8124502132415772,0.7904809989995556,0.7326524241129557,0.14215899018671052,0.847949131989892,0.08165304947981447
2024-08-08,,0.8124501066207885,0.7904809553656378,0.7326524025326684,0.14215896886927665,0.8479491083856785,0.08165304814444199
2024-08-09,,0.8124500533103942,0.7904809335486789,0.7326523917425247,0.14215895821055974,0.8479490965835718,0.08165304747675575
2024-08-12,,0.812450026655197,0.7904809226401994,0.7326523863474528,0.14215895288120128,0.8479490906825184,0.08165304714291263
2024-08-13,Anand Rathi Wealth Ltd.,0.81245,0.79048091173172,0.7326523809523809,0.1421589475518428,0.847949084781465,0.0816530468090695
2024-08-14,,0.48860000000000003,0.8581455051898956,0.7180345238095238,0.16506263660753356,0.8496207637446267,0.08252686356307626
2024-08-16,,0.32667500000000005,0.8919778019189835,0.7107255952380953,0.17651448113537893,0.8504566032262075,0.08296377194007963
2024-08-19,,0.24571250000000003,0.9088939502835274,0.7070711309523809,0.18224040339930161,0.850874522966998,0.08318222612858131
2024-08-20,,0.20523125000000003,0.9173520244657993,0.7052438988095238,0.18510336453126297,0.8510834828373932,0.08329145322283216
2024-08-21,,0.18499062500000002,0.9215810615569353,0.7043302827380953,0.18653484509724363,0.8511879627725908,0.08334606676995758
2024-08-22,,0.1748703125,0.9236955801025033,0.7038734747023809,0.18725058538023398,0.8512402027401895,0.08337337354352028
2024-08-23,,0.16981015625,0.9247528393752873,0.7036450706845239,0.18760845552172914,0.8512663227239889,0.08338702693030164
2024-08-26,Anand Rathi Wealth Ltd.,0.16475,0.9258100986480712,0.7034166666666667,0.1879663256632243,0.8512924427077884,0.083400680317083
2024-08-27,,0.460025,0.929194986820221,0.7085761904761905,0.1861730484423914,0.8513390251568386,0.0834477249884587
2024-08-28,,0.6076625,0.9308874309062958,0.7111559523809523,0.18527640983197496,0.8513623163813637,0.08347124732414656
2024-08-29,,0.68148125,0.9317336529493332,0.7124458333333332,0.18482809052676674,0.8513739619936262,0.08348300849199047
2024-08-30,,0.7183906250000001,0.9321567639708519,0.7130907738095238,0.1846039308741626,0.8513797847997575,0.08348888907591244
2024-09-02,,0.7368453125000001,0.9323683194816113,0.7134132440476191,0.18449185104786053,0.8513826962028231,0.08349182936787342
2024-09-03,,0.7460726562500001,0.9324740972369909,0.7135744791666667,0.18443581113470953,0.8513841519043559,0.08349329951385391
2024-09-04,,0.750686328125,0.9325269861146808,0.7136550967261905,0.184407791178134,0.8513848797551223,0.08349403458684415
2024-09-05,,0.7529931640625,0.9325534305535257,0.7136954055059523,0.18439378119984623,0.8513852436805056,0.08349440212333928
2024-09-06,,0.7541465820312501,0.9325666527729481,0.7137155598958334,0.18438677621070237,0.8513854256431972,0.08349458589158684
2024-09-09,,0.7547232910156251,0.9325732638826594,0.7137256370907739,0.18438327371613045,0.851385516624543,0.08349467777571062
2024-09-10,,0.7550116455078126,0.932576569437515,0.713730675688244,0.18438152246884448,0.8513855621152159,0.08349472371777251
2024-09-11,,0.7551558227539064,0.9325782222149428,0.7137331949869792,0.1843806468452015,0.8513855848605523,0.08349474668880347
2024-09-12,,0.7552279113769532,0.9325790486036567,0.7137344546363467,0.18438020903337998,0.8513855962332205,0.08349475817431894
2024-09-13,,0.7552639556884766,0.9325794617980137,0.7137350844610304,0.18437999012746925,0.8513856019195547,0.08349476391707666
2024-09-16,,0.7552819778442383,0.9325796683951921,0.7137353993733724,0.18437988067451389,0.8513856047627217,0.08349476678845554
2024-09-17,,0.7552909889221192,0.9325797716937814,0.7137355568295434,0.1843798259480362,0.8513856061843053,0.08349476822414498
2024-09-18,,0.7552954944610597,0.932579823343076,0.7137356355576288,0.18437979858479736,0.851385606895097,0.08349476894198969
2024-09-19,,0.7552977472305299,0.9325798491677233,0.7137356749216714,0.1843797849031779,0.8513856072504928,0.08349476930091204
2024-09-20,,0.755298873615265,0.932579862080047,0.7137356946036928,0.18437977806236822,0.8513856074281908,0.08349476948037322
2024-09-23,,0.7552994368076326,0.9325798685362088,0.7137357044447035,0.18437977464196337,0.8513856075170398,0.08349476957010382
2024-09-24,,0.7552997184038164,0.9325798717642897,0.7137357093652088,0.18437977293176094,0.8513856075614643,0.08349476961496911
2024-09-25,,0.7552998592019082,0.9325798733783301,0.7137357118254615,0.18437977207665973,0.8513856075836765,0.08349476963740177
2024-09-26,,0.7552999296009542,0.9325798741853504,0.7137357130555879,0.18437977164910913,0.8513856075947827,0.08349476964861809
2024-09-27,,0.7552999648004771,0.9325798745888605,0.713735713670651,0.1843797714353338,0.8513856076003357,0.08349476965422625
2024-09-30,,0.7552999824002387,0.9325798747906155,0.7137357139781826,0.18437977132844613,0.8513856076031122,0.08349476965703033
2024-10-01,,0.7552999912001194,0.9325798748914931,0.7137357141319485,0.18437977127500232,0.8513856076045005,0.08349476965843236
2024-10-03,,0.7552999956000597,0.9325798749419318,0.7137357142088314,0.18437977124828042,0.8513856076051947,0.08349476965913338
2024-10-04,,0.7552999978000299,0.9325798749671512,0.7137357142472729,0.18437977123491944,0.8513856076055417,0.0834947696594839
2024-10-07,,0.755299998900015,0.9325798749797609,0.7137357142664935,0.18437977122823895,0.8513856076057152,0.08349476965965916
2024-10-08,,0.7552999994500076,0.9325798749860658,0.7137357142761038,0.18437977122489874,0.851385607605802,0.08349476965974678
2024-10-09,,0.7552999997250038,0.9325798749892182,0.7137357142809091,0.18437977122322863,0.8513856076058454,0.0834947696597906
2024-10-10,,0.755299999862502,0.9325798749907944,0.7137357142833116,0.18437977122239357,0.851385607605867,0.0834947696598125
2024-10-11,Anand Rathi Wealth Ltd.,0.7553000000000001,0.9325798749923706,0.7137357142857143,0.1843797712215585,0.8513856076058888,0.0834947696598344
2024-10-14,,0.7016500000000001,0.9312683045864105,0.7075261904761905,0.18183852068590645,0.8520232353891646,0.08400914629082484
2024-10-15,,0.674825,0.9306125193834305,0.7044214285714285,0.18056789541808044,0.8523420492808025,0.08426633460632008
2024-10-16,,0.6614125,0.9302846267819405,0.7028690476190476,0.1799325827841674,0.8525014562266213,0.08439492876406768
2024-10-17,,0.65470625,0.9301206804811954,0.7020928571428571,0.1796149264672109,0.8525811596995307,0.0844592258429415
2024-10-18,Anand Rathi Wealth Ltd.,0.648,0.9299567341804504,0.7013166666666667,0.1792972701502544,0.8526608631724403,0.0845235229218153
2024-10-21,,0.648,0.9389644265174866,0.6989607142857144,0.179317766087687,0.8541691558701652,0.08567201766575294
2024-10-22,,0.648,0.9434682726860046,0.6977827380952382,0.1793280140564033,0.8549233022190276,0.08624626503772177
2024-10-23,,0.648,0.9457201957702637,0.6971937500000001,0.17933313804076145,0.8553003753934587,0.0865333887237062
2024-10-24,,0.648,0.9468461573123932,0.696899255952381,0.17933570003294053,0.8554889119806743,0.0866769505666984
2024-10-25,,0.648,0.947409138083458,0.6967520089285715,0.17933698102903006,0.8555831802742822,0.08674873148819451
2024-10-28,,0.648,0.9476906284689903,0.6966783854166667,0.17933762152707483,0.8556303144210861,0.08678462194894256
2024-10-29,,0.648,0.9478313736617565,0.6966415736607143,0.17933794177609721,0.8556538814944881,0.08680256717931659
2024-10-30,,0.648,0.9479017462581396,0.6966231677827381,0.1793381019006084,0.855665665031189,0.0868115397945036
2024-10-31,,0.648,0.9479369325563312,0.69661396484375,0.179338181962864,0.8556715567995394,0.0868160261020971
2024-11-01,,0.648,0.9479545257054269,0.696609363374256,0.1793382219939918,0.8556745026837147,0.08681826925589385
2024-11-04,,0.648,0.9479633222799748,0.696607062639509,0.1793382420095557,0.8556759756258023,0.08681939083279222
2024-11-05,,0.648,0.9479677205672488,0.6966059122721355,0.17933825201733766,0.8556767120968461,0.08681995162124141
2024-11-06,,0.648,0.9479699197108857,0.6966053370884487,0.17933825702122863,0.8556770803323681,0.08682023201546601
2024-11-07,,0.648,0.9479710192827042,0.6966050494966054,0.17933825952317412,0.855677264450129,0.08682037221257831
2024-11-08,,0.648,0.9479715690686135,0.6966049057006837,0.17933826077414686,0.8556773565090094,0.08682044231113445
2024-11-11,,0.648,0.9479718439615681,0.6966048338027229,0.17933826139963321,0.8556774025384497,0.08682047736041253
2024-11-12,,0.648,0.9479719814080454,0.6966047978537424,0.1793382617123764,0.8556774255531698,0.08682049488505156
2024-11-13,,0.648,0.947972050131284,0.6966047798792522,0.17933826186874802,0.8556774370605299,0.08682050364737108
2024-11-14,,0.648,0.9479720844929034,0.6966047708920071,0.1793382619469338,0.85567744281421,0.08682050802853084
2024-11-18,,0.648,0.947972101673713,0.6966047663983845,0.1793382619860267,0.85567744569105,0.08682051021911072
2024-11-19,,0.648,0.9479721102641179,0.6966047641515732,0.17933826200557315,0.8556774471294699,0.08682051131440066
2024-11-21,,0.648,0.9479721145593203,0.6966047630281675,0.17933826201534636,0.8556774478486799,0.08682051186204563
2024-11-22,,0.648,0.9479721167069215,0.6966047624664647,0.17933826202023298,0.855677448208285,0.08682051213586811
2024-11-25,,0.648,0.9479721177807221,0.6966047621856133,0.17933826202267628,0.8556774483880875,0.08682051227277936
2024-11-26,,0.648,0.9479721183176224,0.6966047620451876,0.17933826202389794,0.8556774484779888,0.08682051234123497
2024-11-27,,0.648,0.9479721185860726,0.6966047619749748,0.17933826202450875,0.8556774485229394,0.08682051237546279
2024-11-28,,0.648,0.9479721187202976,0.6966047619398683,0.17933826202481418,0.8556774485454146,0.0868205123925767
2024-11-29,,0.648,0.9479721187874102,0.6966047619223151,0.1793382620249669,0.8556774485566523,0.08682051240113364
2024-12-02,,0.648,0.9479721188209664,0.6966047619135385,0.17933826202504324,0.8556774485622711,0.08682051240541212
2024-12-03,,0.648,0.9479721188377446,0.6966047619091502,0.1793382620250814,0.8556774485650805,0.08682051240755137
2024-12-04,,0.648,0.9479721188461336,0.6966047619069561,0.1793382620251005,0.8556774485664853,0.08682051240862099
2024-12-05,,0.648,0.9479721188503283,0.6966047619058591,0.17933826202511005,0.8556774485671876,0.0868205124091558
2024-12-06,,0.648,0.9479721188524255,0.6966047619053105,0.17933826202511483,0.8556774485675388,0.0868205124094232
2024-12-09,,0.648,0.9479721188534742,0.6966047619050362,0.1793382620251172,0.8556774485677143,0.0868205124095569
2024-12-10,,0.648,0.9479721188539985,0.6966047619048991,0.1793382620251184,0.8556774485678021,0.08682051240962375
2024-12-11,,0.648,0.9479721188542607,0.6966047619048306,0.179338262025119,0.855677448567846,0.08682051240965719
2024-12-12,,0.648,0.9479721188543917,0.6966047619047963,0.1793382620251193,0.855677448567868,0.0868205124096739
2024-12-13,,0.648,0.9479721188544572,0.696604761904779,0.17933826202511943,0.855677448567879,0.08682051240968225
2024-12-16,Anand Rathi Wealth Ltd.,0.648,0.9479721188545228,0.696604761904762,0.1793382620251196,0.85567744856789,0.0868205124096906
2024-12-17,,0.648,0.9479721188545228,0.696604761904762,0.1793382620251196,0.85567744856789,0.0868205124096906
2024-12-18,,0.648,0.9479721188545228,0.696604761904762,0.1793382620251196,0.85567744856789,0.0868205124096906
2024-12-19,,0.648,0.9479721188545228,0.696604761904762,0.1793382620251196,0.85567744856789,0.0868205124096906
2024-12-20,,0.648,0.9479721188545228,0.696604761904762,0.1793382620251196,0.85567744856789,0.0868205124096906
2024-12-23,,0.648,0.9479721188545228,0.696604761904762,0.1793382620251196,0.85567744856789,0.0868205124096906
2024-12-24,,0.648,0.9479721188545228,0.696604761904762,0.1793382620251196,0.85567744856789,0.0868205124096906
2024-12-26,,0.648,0.9479721188545228,0.696604761904762,0.1793382620251196,0.85567744856789,0.0868205124096906
2024-12-27,,0.648,0.9479721188545228,0.696604761904762,0.1793382620251196,0.85567744856789,0.0868205124096906
2024-12-30,,0.648,0.9479721188545228,0.696604761904762,0.1793382620251196,0.85567744856789,0.0868205124096906
2024-12-31,,0.648,0.9479721188545228,0.696604761904762,0.1793382620251196,0.85567744856789,0.0868205124096906
2025-01-01,,0.648,0.9479721188545228,0.696604761904762,0.1793382620251196,0.85567744856789,0.0868205124096906
2025-01-02,,0.648,0.9479721188545228,0.696604761904762,0.1793382620251196,0.85567744856789,0.0868205124096906
2025-01-03,,0.648,0.9479721188545228,0.696604761904762,0.1793382620251196,0.85567744856789,0.0868205124096906
2025-01-06,,0.648,0.9479721188545228,0.696604761904762,0.1793382620251196,0.85567744856789,0.0868205124096906
2025-01-07,,0.648,0.9479721188545228,0.696604761904762,0.1793382620251196,0.85567744856789,0.0868205124096906
2025-01-08,,0.648,0.9479721188545228,0.696604761904762,0.1793382620251196,0.85567744856789,0.0868205124096906
2025-01-09,,0.648,0.9479721188545228,0.696604761904762,0.1793382620251196,0.85567744856789,0.0868205124096906
